{"cameraMode":{"drawMode":0,"name":"Shaded","section":"Shading Mode"},"sceneLighting":false,"audioPlay":false,"sceneViewState":{"showFog":true,"showMaterialUpdate":false,"showSkybox":false,"showFlares":true,"showImageEffects":true,"showParticleSystems":true},"in2DMode":false,"pivot":{"x":0.0000019073486328125,"y":0.22504091262817384,"z":0.000019073486328125},"rotation":{"x":0.029828965663909913,"y":0.954539954662323,"z":-0.2784262001514435,"w":0.10234104096889496},"size":22.107749938964845,"orthographic":false}