{"cameraMode":{"drawMode":0,"name":"Shaded","section":"Shading Mode"},"sceneLighting":false,"audioPlay":false,"sceneViewState":{"showFog":true,"showMaterialUpdate":false,"showSkybox":false,"showFlares":true,"showImageEffects":true,"showParticleSystems":true},"in2DMode":false,"pivot":{"x":-0.000011444091796875,"y":-3.000002861022949,"z":-0.00000667572021484375},"rotation":{"x":0.0057683903723955158,"y":-0.9091929197311401,"z":0.4162156283855438,"w":0.012524675577878952},"size":21.42428970336914,"orthographic":false}