{"cameraMode":{"drawMode":0,"name":"Shaded","section":"Shading Mode"},"sceneLighting":false,"audioPlay":false,"sceneViewState":{"showFog":true,"showMaterialUpdate":false,"showSkybox":false,"showFlares":true,"showImageEffects":true,"showParticleSystems":true},"in2DMode":false,"pivot":{"x":0.0,"y":-2.9999964237213136,"z":0.00000667572021484375},"rotation":{"x":-0.016045182943344117,"y":-0.947157084941864,"z":0.31683656573295596,"w":-0.0480840727686882},"size":21.424291610717775,"orthographic":false}