{"cameraMode":{"drawMode":0,"name":"Shaded","section":"Shading Mode"},"sceneLighting":false,"audioPlay":false,"sceneViewState":{"showFog":true,"showMaterialUpdate":false,"showSkybox":false,"showFlares":true,"showImageEffects":true,"showParticleSystems":true},"in2DMode":false,"pivot":{"x":-0.00005054473876953125,"y":0.0000152587890625,"z":-0.0000057220458984375},"rotation":{"x":0.029828965663909913,"y":0.954539954662323,"z":-0.2784262001514435,"w":0.10234104096889496},"size":22.04541778564453,"orthographic":false}