{"cameraMode":{"drawMode":0,"name":"Shaded","section":"Shading Mode"},"sceneLighting":false,"audioPlay":false,"sceneViewState":{"showFog":true,"showMaterialUpdate":false,"showSkybox":false,"showFlares":true,"showImageEffects":true,"showParticleSystems":true},"in2DMode":false,"pivot":{"x":0.0,"y":0.2881925106048584,"z":0.15892314910888673},"rotation":{"x":-0.2775901257991791,"y":0.6233991384506226,"z":-0.2520473301410675,"w":-0.6862439513206482},"size":14.251235961914063,"orthographic":false}