{"cameraMode":{"drawMode":0,"name":"Shaded","section":"Shading Mode"},"sceneLighting":true,"audioPlay":false,"sceneViewState":{"showFog":true,"showMaterialUpdate":false,"showSkybox":true,"showFlares":true,"showImageEffects":true,"showParticleSystems":true},"in2DMode":false,"pivot":{"x":-11.264226913452149,"y":-3.404749631881714,"z":7.728028774261475},"rotation":{"x":0.12488885223865509,"y":-0.5249851942062378,"z":0.07822467386722565,"w":0.8382973670959473},"size":10.0,"orthographic":false}