{"cameraMode":{"drawMode":0,"name":"Shaded","section":"Shading Mode"},"sceneLighting":false,"audioPlay":false,"sceneViewState":{"showFog":true,"showMaterialUpdate":false,"showSkybox":false,"showFlares":true,"showImageEffects":true,"showParticleSystems":true},"in2DMode":false,"pivot":{"x":0.00000286102294921875,"y":-5.774954795837402,"z":0.00007534027099609375},"rotation":{"x":0.029828965663909913,"y":0.954539954662323,"z":-0.2784262001514435,"w":0.10234104096889496},"size":22.107709884643556,"orthographic":false}