{"cameraMode":{"drawMode":0,"name":"Shaded","section":"Shading Mode"},"sceneLighting":true,"audioPlay":false,"sceneViewState":{"showFog":true,"showMaterialUpdate":false,"showSkybox":true,"showFlares":true,"showImageEffects":true,"showParticleSystems":true},"in2DMode":false,"pivot":{"x":-50.93955993652344,"y":7.470861434936523,"z":4.125387191772461},"rotation":{"x":-0.0012541465694084764,"y":0.9378693699836731,"z":-0.34756726026535036,"w":-0.000515612424351275},"size":19.3760986328125,"orthographic":false}