{"cameraMode":{"drawMode":0,"name":"Shaded","section":"Shading Mode"},"sceneLighting":false,"audioPlay":false,"sceneViewState":{"showFog":true,"showMaterialUpdate":false,"showSkybox":false,"showFlares":true,"showImageEffects":true,"showParticleSystems":true},"in2DMode":false,"pivot":{"x":0.005120277404785156,"y":0.20209074020385743,"z":-0.000034332275390625},"rotation":{"x":0.029828965663909913,"y":0.954539954662323,"z":-0.2784262001514435,"w":0.10234104096889496},"size":22.104772567749025,"orthographic":false}