{"cameraMode":{"drawMode":0,"name":"Shaded","section":"Shading Mode"},"sceneLighting":false,"audioPlay":false,"sceneViewState":{"showFog":true,"showMaterialUpdate":false,"showSkybox":false,"showFlares":true,"showImageEffects":true,"showParticleSystems":true},"in2DMode":false,"pivot":{"x":0.00000858306884765625,"y":0.22505617141723634,"z":0.000072479248046875},"rotation":{"x":0.029828965663909913,"y":0.954539954662323,"z":-0.2784262001514435,"w":0.10234104096889496},"size":22.107711791992189,"orthographic":false}