{"cameraMode":{"drawMode":0,"name":"Shaded","section":"Shading Mode"},"sceneLighting":false,"audioPlay":false,"sceneViewState":{"showFog":true,"showMaterialUpdate":false,"showSkybox":false,"showFlares":true,"showImageEffects":true,"showParticleSystems":true},"in2DMode":false,"pivot":{"x":-2.503868818283081,"y":2.4357504844665529,"z":-0.5168427228927612},"rotation":{"x":0.03959956765174866,"y":-0.8370864391326904,"z":0.061129406094551089,"w":0.5422295928001404},"size":5.419929027557373,"orthographic":false}