{"cameraMode":{"drawMode":0,"name":"Shaded","section":"Shading Mode"},"sceneLighting":false,"audioPlay":false,"sceneViewState":{"showFog":true,"showMaterialUpdate":false,"showSkybox":false,"showFlares":true,"showImageEffects":true,"showParticleSystems":true},"in2DMode":false,"pivot":{"x":2.380805253982544,"y":0.8375236392021179,"z":-3.51755428314209},"rotation":{"x":-0.06156207248568535,"y":0.7564737796783447,"z":-0.07192130386829376,"w":-0.647186815738678},"size":1.8247449398040772,"orthographic":false}