{"cameraMode":{"drawMode":0,"name":"Shaded","section":"Shading Mode"},"sceneLighting":false,"audioPlay":false,"sceneViewState":{"showFog":true,"showMaterialUpdate":false,"showSkybox":false,"showFlares":true,"showImageEffects":true,"showParticleSystems":true},"in2DMode":false,"pivot":{"x":3.388000011444092,"y":0.9600000381469727,"z":-3.6019999980926515},"rotation":{"x":0.04478488862514496,"y":-0.7014583945274353,"z":0.044250428676605228,"w":0.7099262475967407},"size":1.2247449159622193,"orthographic":true}