{"cameraMode":{"drawMode":0,"name":"Shaded","section":"Shading Mode"},"sceneLighting":true,"audioPlay":false,"sceneViewState":{"showFog":true,"showMaterialUpdate":false,"showSkybox":true,"showFlares":true,"showImageEffects":true,"showParticleSystems":true},"in2DMode":false,"pivot":{"x":4.701822280883789,"y":1.2925529479980469,"z":-0.3878129720687866},"rotation":{"x":0.14957810938358308,"y":-0.6876062750816345,"z":0.14799651503562928,"w":0.6949546337127686},"size":4.177863597869873,"orthographic":false}