{"cameraMode":{"drawMode":0,"name":"Shaded","section":"Shading Mode"},"sceneLighting":true,"audioPlay":false,"sceneViewState":{"showFog":true,"showMaterialUpdate":false,"showSkybox":true,"showFlares":true,"showImageEffects":true,"showParticleSystems":true},"in2DMode":false,"pivot":{"x":-4.492501735687256,"y":-3.357109546661377,"z":-2.8586812019348146},"rotation":{"x":0.1509210169315338,"y":-0.7611911296844482,"z":0.19112396240234376,"w":0.6010740995407105},"size":6.862565040588379,"orthographic":false}