{"cameraMode":{"drawMode":0,"name":"Shaded","section":"Shading Mode"},"sceneLighting":false,"audioPlay":false,"sceneViewState":{"showFog":true,"showMaterialUpdate":false,"showSkybox":false,"showFlares":true,"showImageEffects":true,"showParticleSystems":true},"in2DMode":false,"pivot":{"x":0.10365843772888184,"y":2.8955814838409426,"z":-0.020732402801513673},"rotation":{"x":0.2060384899377823,"y":-0.25360408425331118,"z":0.05538478493690491,"w":0.9435117244720459},"size":3.3311614990234377,"orthographic":false}