{"cameraMode":{"drawMode":0,"name":"Shaded","section":"Shading Mode"},"sceneLighting":true,"audioPlay":false,"sceneViewState":{"showFog":true,"showMaterialUpdate":false,"showSkybox":true,"showFlares":true,"showImageEffects":true,"showParticleSystems":true},"in2DMode":false,"pivot":{"x":-39.60712814331055,"y":-33.92012405395508,"z":20.04759407043457},"rotation":{"x":-0.26628246903419497,"y":0.5101134181022644,"z":-0.16982156038284303,"w":-0.8000867366790772},"size":34.70609664916992,"orthographic":false}