{"cameraMode":{"drawMode":0,"name":"Shaded","section":"Shading Mode"},"sceneLighting":false,"audioPlay":false,"sceneViewState":{"showFog":true,"showMaterialUpdate":false,"showSkybox":false,"showFlares":true,"showImageEffects":true,"showParticleSystems":true},"in2DMode":false,"pivot":{"x":0.0031273365020751955,"y":3.711434841156006,"z":0.00983881950378418},"rotation":{"x":0.18235856294631959,"y":-0.3889482915401459,"z":0.0788472518324852,"w":0.8996103405952454},"size":3.84854793548584,"orthographic":false}