{"cameraMode":{"drawMode":0,"name":"Shaded","section":"Shading Mode"},"sceneLighting":true,"audioPlay":false,"sceneViewState":{"showFog":true,"showMaterialUpdate":false,"showSkybox":true,"showFlares":true,"showImageEffects":true,"showParticleSystems":true},"in2DMode":false,"pivot":{"x":0.3234182894229889,"y":5.0266828536987309,"z":0.7965599894523621},"rotation":{"x":-0.035412732511758807,"y":0.34978246688842776,"z":-0.013225296512246132,"w":-0.9360924959182739},"size":10.14284610748291,"orthographic":false}